{"cameraMode":{"drawMode":0,"name":"Shaded","section":"Shading Mode"},"sceneLighting":true,"audioPlay":false,"sceneViewState":{"m_AlwaysRefresh":false,"showFog":true,"showSkybox":true,"showFlares":true,"showImageEffects":true,"showParticleSystems":true,"showVisualEffectGraphs":true,"m_FxEnabled":true},"in2DMode":false,"pivot":{"x":-311.94000244140627,"y":70.66699981689453,"z":39.84000015258789},"rotation":{"x":-0.15551289916038514,"y":0.04502600431442261,"z":-0.007082605734467506,"w":-0.9867916703224182},"size":3.7988851070404054,"orthographic":true}